filename,systems,kind,aliases
acid-reflux-what-your-body-is-trying-to-tell-you.md,digestive,condition,GERD|heartburn|acid reflux|reflux|LPR|silent reflux|Barrett's esophagus|indigestion|regurgitation|hiatal hernia
acne-more-than-skin-deep.md,skin|endocrine|mental-health,condition,acne vulgaris|pimples|breakouts|blackheads|whiteheads|cystic acne|hormonal acne|zits
actinic-keratosis.md,skin,condition,AK|solar keratosis|sun spots (precancerous)|rough skin patches|squamous cell carcinoma precursor|field cancerization
acute-bronchitis.md,respiratory,condition,chest cold|bronchitis|cough|chest infection|walking pneumonia|whooping cough (differential)
adaptogens-stress-resilience.md,mental-health|endocrine,remedy,ashwagandha|rhodiola|ginseng|HPA axis|cortisol|adrenal fatigue|burnout|adaptogenic herbs|stress herbs
age-spots-liver-spots-sun-spots.md,skin,condition,age spots|liver spots|sun spots|solar lentigines|hyperpigmentation|melasma
alcohol-health-current-research.md,cardiovascular|liver-detox,exposure,alcohol|drinking|alcohol use disorder|AUD|binge drinking|moderate drinking|alcoholism|FASD|cirrhosis|alcohol withdrawal|delirium tremens
alcohol-health-science-guide.md,liver-detox|reproductive,exposure,alcohol|drinking|alcoholism|alcohol use disorder|binge drinking|hangover|fetal alcohol syndrome|sobriety|alcohol-free|moderate drinking myth
allergies.md,immune|respiratory|skin,condition,hay fever|allergic rhinitis|food allergy|anaphylaxis|hives|eczema|atopic dermatitis|IgE|histamine|oral allergy syndrome
aloe-vera-traditional-to-modern-evidence.md,skin|digestive,remedy,aloe vera|aloe gel|aloe latex|burn remedy|natural skin treatment|acemannan|aloe juice|herbal remedy
alzheimers-prevention-guide.md,neurological|cardiovascular,condition,Alzheimer's|dementia|cognitive decline|memory loss|MIND diet|amyloid plaques|cognitive impairment|brain health
angular-cheilitis.md,skin|endocrine|immune,condition,cracked mouth corners|perleche|angular stomatitis|cheilosis|commissural cheilitis|mouth corner cracks
antibiotics-vs-natural-approaches.md,immune|digestive,remedy,antibiotics|antibiotic resistance|natural antimicrobials|herbal antibiotics|probiotics|gut microbiome|infection treatment|garlic|oregano oil|echinacea
applied-kinesiology-biblical-response.md,whole-body,evaluation,applied kinesiology|muscle testing|AK|energy medicine|chiropractic|New Age|biblical discernment|EGW|Adventist
applied-kinesiology.md,whole-body,evaluation,applied kinesiology|muscle testing|AK|alternative diagnostics|energy medicine|chiropractic|pseudoscience
artificial-sweeteners.md,endocrine|digestive,nutrition,artificial sweeteners|aspartame|sucralose|stevia|sugar substitutes|non-nutritive sweeteners|Splenda|erythritol|diet soda
autism-and-asperger-syndrome.md,neurological|mental-health|digestive,condition,autism|ASD|Asperger syndrome|autism spectrum disorder|neurodivergent|stimming|sensory processing|masking
baking-soda-baking-powder-handout.md,digestive|cardiovascular|musculoskeletal,nutrition,baking soda|baking powder|sodium bicarbonate|sodium aluminum sulfate|leavening agents|saleratus|antacid
baking-soda-powder-rising-concerns.md,digestive|cardiovascular|musculoskeletal,nutrition,baking soda|baking powder|sodium bicarbonate|aluminum|leavening agents|saleratus|Ellen White|antacid
battle-creek-to-blue-zones-soy.md,reproductive|endocrine,nutrition,soy|tofu|soy milk|isoflavones|phytoestrogens|tempeh|edamame|Adventist Health Study|soy protein
before-birth-matters-prenatal-health.md,reproductive,foundations,pregnancy|prenatal|preconception|folic acid|FASD|teratogens|pregnancy nutrition|birth defects
beyond-medicine-cabinet-pain-fever.md,musculoskeletal|neurological,remedy,pain relief|fever|hydrotherapy|NSAIDs|acetaminophen|natural pain remedies|willow bark|capsaicin|PEACE and LOVE
biofilms-and-biofilm-disruptors.md,immune,evaluation,biofilms|biofilm disruptors|quorum sensing|chronic infection|EPS matrix|dental plaque|systemic biofilm|NAC|antibiotic resistance
bipolar-disorder-whole-person-support.md,mental-health|digestive|endocrine,condition,bipolar disorder|manic depression|mania|hypomania|mood swings|mood stabilizer|cyclothymia|rapid cycling
blood-type-diet.md,whole-body,evaluation,blood type diet|ABO blood type|lectins|Eat Right 4 Your Type|D'Adamo|blood group diet|agglutination
bodys-natural-detoxification-systems.md,liver-detox|digestive,foundations,detox|detoxification|liver detox|cleanse|glymphatic system|colon cleanse|sulforaphane|Phase I Phase II liver|NAC
breaking-free-quitting-smoking.md,respiratory|cardiovascular,exposure,smoking cessation|quitting smoking|nicotine addiction|tobacco|vaping|e-cigarettes|NRT|nicotine withdrawal|varenicline
breathing-better-air-quality.md,respiratory|cardiovascular,exposure,air quality|air pollution|PM2.5|indoor air quality|HEPA filter|VOCs|radon|AQI|ventilation
breathing-better-lung-health.md,respiratory|cardiovascular,foundations,lung health|COPD|pulmonary fibrosis|bronchiectasis|lung cancer screening|radon|spirometry|breathing exercises|pursed-lip breathing
breathing-room-asthma.md,respiratory|immune,condition,asthma|wheezing|bronchospasm|allergic asthma|exercise-induced bronchoconstriction|inhaler technique|GINA guidelines|rescue inhaler|black seed
breathing-room-whole-person-asthma.md,respiratory|immune|mental-health,condition,asthma|GINA|inhaled corticosteroids|biologics|asthma triggers|wheeze|reliever overuse|Buteyko breathing|asthma anxiety
butter-and-human-health.md,cardiovascular|blood-lymph,evaluation,butter|saturated fat|LDL cholesterol|butter is back|grass-fed butter|CLA|vitamin K2|seed oils|cardiovascular disease
butter-egw-and-modern-evidence.md,cardiovascular|blood-lymph,evaluation,butter|Ellen White|EGW health message|saturated fat|Adventist health reform|margarine|trans fat|olive oil|Ministry of Healing
calm-in-the-storm-stress-management.md,mental-health|sleep,foundations,stress management|nervous system|HPA axis|cortisol|allostatic load|stress resilience|sleep hygiene|gut-brain axis|mindfulness
canker-sores.md,digestive,condition,canker sore|aphthous ulcer|mouth ulcer|recurrent aphthous stomatitis|RAS|mouth sore
castor-oil-packs.md,liver-detox|digestive,remedy,castor oil pack|Palma Christi|abdominal pack|liver pack|Edgar Cayce remedy
chelation-therapy-guide.md,cardiovascular|blood-lymph|liver-detox,evaluation,chelation therapy|EDTA chelation|DMSA|heavy metal detox|lead poisoning treatment|TACT trial
chronic-lyme-biotoxins-cirs.md,whole-body,evaluation,chronic Lyme disease|CIRS|PTLDS|mold illness|biotoxin illness|Shoemaker protocol
clearing-the-load-biotoxin-binders.md,liver-detox|digestive,remedy,biotoxin binders|activated charcoal|bentonite clay|cholestyramine|mold binder|heavy metal binder
clothing-choices-and-physical-health.md,whole-body,foundations,tight clothing|compression garments|cold exposure clothing|clothing and health|meralgia paresthetica
clothing-health-guide.md,whole-body,foundations,tight clothing|bra fit|high heels|UV protective clothing|clothing and body image
coconut-oil.md,cardiovascular,nutrition,coconut oil|MCT oil|lauric acid|tropical oil|saturated fat
coffee-enemas-colonic-irrigation.md,digestive|liver-detox,evaluation,coffee enema|colonic irrigation|colon cleanse|Gerson therapy|colon hydrotherapy
cold-water-immersion-evidence-handout.md,cardiovascular,remedy,cold plunge|ice bath|cold shower|cryotherapy|Wim Hof method
cold-water-immersion.md,cardiovascular,remedy,cold plunge|ice bath|cold shower|cryotherapy|Wim Hof method
complete-guide-to-oxalates.md,urinary|digestive,nutrition,oxalates|oxalate|kidney stones|calcium oxalate|low-oxalate diet
daniel-fast.md,cardiovascular|endocrine,remedy,Daniel Fast|biblical fast|partial fast|21-day fast|plant-based fast
deep-vein-thrombosis.md,cardiovascular,condition,DVT|blood clot|venous thromboembolism|VTE|pulmonary embolism
detox-and-cleansing-programs.md,liver-detox|digestive,evaluation,detox|cleanse|juice cleanse|detox diet|cleansing program
dietary-oxalates-evidence-guide.md,urinary|digestive,nutrition,oxalates|dietary oxalate|kidney stones|calcium oxalate|oxalate-degrading bacteria
ear-aches.md,sensory,condition,ear infection|otitis media|otitis externa|swimmer's ear|earache
egw-cheese-modern-science.md,digestive|cardiovascular,evaluation,cheese|Ellen White cheese|aged cheese|tyramine|dairy and health
electrolyte-balance.md,blood-lymph|cardiovascular|musculoskeletal,condition,electrolyte imbalance|sodium potassium balance|hyponatremia|muscle cramps|dehydration
epstein-barr-virus.md,immune,condition,EBV|mononucleosis|mono|kissing disease|HHV-4
erectile-dysfunction.md,reproductive|cardiovascular,condition,ED|erectile dysfunction|impotence|erection problems
essential-oils-guide.md,mental-health|sleep|digestive,remedy,essential oils|aromatherapy|lavender oil|peppermint oil|doTERRA|Young Living
fasting-benefits-risks-physiology.md,endocrine|digestive,remedy,fasting|intermittent fasting|time-restricted eating|autophagy|ketosis
fasting-clear-eyed-guide.md,endocrine|digestive,remedy,fasting|intermittent fasting|time-restricted eating|autophagy|16:8 fasting
fat-intake-guide.md,cardiovascular|digestive,nutrition,dietary fat|low-fat diet|healthy fats|saturated fat|omega-3
fatigue-restoring-energy.md,whole-body,condition,fatigue|chronic fatigue|tiredness|exhaustion|low energy|ME/CFS
fatty-liver-disease.md,liver-detox|endocrine,condition,fatty liver|NAFLD|MASLD|NASH|MASH|steatosis
feet-on-the-ground-earthing.md,whole-body,evaluation,earthing|grounding|grounding mat|grounding sheet|barefoot walking
female-sexual-dysfunction.md,reproductive|mental-health,condition,FSD|female sexual dysfunction|low libido|HSDD|vaginismus|vulvodynia
fermented-foods-guide.md,digestive|immune,nutrition,fermented foods|kombucha|kimchi|sauerkraut|probiotics|kefir
food-sensitivity-testing-guide.md,digestive|immune,evaluation,food sensitivity testing|IgG food test|food intolerance|elimination diet|ALCAT
frequent-urination.md,urinary,condition,overactive bladder|OAB|nocturia|urinary frequency|frequent urination
frozen-shoulder.md,musculoskeletal|endocrine,condition,adhesive capsulitis|frozen shoulder|shoulder stiffness
hair-greying.md,skin,condition,grey hair|gray hair|hair greying|canities|premature greying
hair-loss-in-men.md,skin|endocrine,condition,androgenetic alopecia|male pattern baldness|AGA|hair loss|balding
hand-tremors-and-shaky-hands.md,neurological,condition,essential tremor|shaky hands|hand tremor|ET|tremor
hashimotos-thyroiditis.md,endocrine|immune,condition,Hashimoto's|autoimmune thyroiditis|hypothyroidism|chronic lymphocytic thyroiditis|underactive thyroid
healing-from-inside-out-ulcerative-colitis.md,digestive|immune,condition,ulcerative colitis|UC|IBD|colitis
healing-heel-pain-plantar-fasciitis.md,musculoskeletal,condition,plantar fasciitis|heel pain|heel spur|foot pain|plantar fasciopathy|fasciosis|arch pain|morning heel pain
hearing-loss.md,sensory,condition,deafness|hard of hearing|presbycusis|tinnitus|noise-induced hearing loss|hearing impairment|sudden sensorineural hearing loss|SSNHL|ear damage
heartburn-reflux-guide.md,digestive,condition,GERD|heartburn|acid reflux|reflux|acid indigestion|hiatal hernia|LES|waterbrash
high-blood-pressure.md,cardiovascular,condition,hypertension|high BP|silent killer|elevated blood pressure|stage 1 hypertension|DASH diet
hiv-living-well.md,immune,condition,HIV|AIDS|antiretroviral therapy|ART|U=U|undetectable|PrEP|PEP|HIV positive
hormonal-imbalance.md,endocrine|reproductive,condition,hormone imbalance|adrenal fatigue|estrogen dominance|low testosterone|andropause|PCOS|thyroid imbalance|HPA axis
hydrotherapy-for-common-cold-relief.md,respiratory|immune,remedy,hydrotherapy|hot foot bath|contrast shower|common cold|cold relief|steam inhalation|water cure|natural cold remedy
hydrotherapy-water-as-medicine.md,whole-body,remedy,hydrotherapy|water therapy|cold plunge|contrast shower|sauna|cold water immersion|balneotherapy|Kneipp therapy|ice bath
hypoglycemia.md,endocrine,condition,low blood sugar|blood sugar crash|reactive hypoglycemia|Whipple's triad|sugar crash|insulin|glucose dip
hypothyroidism.md,endocrine,condition,underactive thyroid|Hashimoto's|low thyroid|TSH|levothyroxine|thyroid hormone deficiency|myxedema
immunizations-informed-choices.md,immune,evaluation,vaccines|vaccination|immunization|vaccine safety|vaccine hesitancy|MMR|HPV vaccine|herd immunity
invisible-invaders-microplastics.md,whole-body,exposure,microplastics|nanoplastics|plastic exposure|plastic particles|BPA|phthalates|plastic pollution
leaky-gut-calibrated-guide.md,digestive,evaluation,leaky gut|intestinal permeability|zonulin|leaky gut syndrome|gut barrier|tight junctions
leaky-gut-what-the-science-says.md,digestive,evaluation,leaky gut|intestinal permeability|zonulin|leaky gut syndrome|gut barrier dysfunction|tight junctions
legumes-and-nuts-guide.md,digestive|cardiovascular,nutrition,legumes|nuts|plant protein|beans|lentils|Adventist Health Study|plant-based diet|nut consumption
lifting-the-fog-depression.md,mental-health,condition,depression|major depressive disorder|low mood|MDD|antidepressants|SSRI|clinical depression|dysthymia
lipomas.md,skin,condition,lipoma|fatty lump|fatty tumor|subcutaneous lump|Dercum's disease|Madelung's disease|liposarcoma|benign tumor|adipose tumor
live-blood-analysis.md,blood-lymph,evaluation,live blood analysis|LBA|darkfield microscopy|nutritional blood analysis|live cell microscopy|Hemaview|blood testing scam|alternative diagnostics
living-beyond-agoraphobia.md,mental-health,condition,agoraphobia|panic disorder|fear of open spaces|anxiety disorder|panic attacks|social anxiety|fear of leaving home
living-well-type-2-diabetes.md,endocrine,condition,type 2 diabetes|T2D|diabetes mellitus|high blood sugar|insulin resistance|diabetes remission|HbA1c|prediabetes
living-well-with-essential-tremor.md,neurological,condition,essential tremor|ET|hand tremor|shaking hands|action tremor|familial tremor|tremor disorder
living-well-with-ibs.md,digestive,condition,IBS|irritable bowel syndrome|Rome IV|IBS-C|IBS-D|gut-brain axis|low FODMAP|abdominal pain
living-well-with-multiple-sclerosis.md,neurological|immune,condition,multiple sclerosis|MS|demyelination|relapsing-remitting MS|RRMS|autoimmune disease|myelin|central nervous system disease
living-well-with-parkinsons.md,neurological,condition,Parkinson's disease|PD|Parkinson's|tremor|bradykinesia|dopamine|levodopa|Lewy body|shaking palsy
low-libido.md,reproductive,condition,low libido|low sex drive|HSDD|hypoactive sexual desire disorder|sexual dysfunction|desire discrepancy|loss of libido|testosterone deficiency
lyme-disease-and-coinfections.md,immune|neurological,condition,Lyme disease|tick bite|Borrelia|Babesia|coinfection|chronic Lyme|bull's-eye rash|erythema migrans|PTLDS
lymphatic-health.md,blood-lymph,foundations,lymphatic system|lymphedema|lipedema|lymph nodes|lymphatic drainage|swollen glands|glymphatic system|manual lymphatic drainage|lymph flow
lymphoma.md,blood-lymph,condition,lymphoma|Hodgkin lymphoma|non-Hodgkin lymphoma|NHL|lymph node cancer|DLBCL|CAR-T therapy|B symptoms|Reed-Sternberg cell
malaria.md,immune,condition,malaria|Plasmodium|mosquito-borne disease|tropical fever|falciparum|blood parasite|malaria prevention|antimalarial
mast-cell-activation-syndrome.md,immune,condition,MCAS|mast cell activation syndrome|histamine intolerance|mast cell disorder|tryptase|degranulation|flushing and hives|mastocytosis
melanoma-what-you-need-to-know.md,skin,condition,melanoma|skin cancer|ABCDE rule|mole changes|melanocyte|BRAF mutation|immunotherapy|metastatic melanoma|skin lesion
melasma.md,skin,condition,melasma|hyperpigmentation|mask of pregnancy|dark patches|chloasma|skin discoloration|hydroquinone|melanin overproduction
meningitis-when-hours-matter.md,neurological|immune,condition,meningitis|meningococcal disease|bacterial meningitis|stiff neck|meningitis rash|brain infection|spinal tap|Neisseria meningitidis
menstrual-cramps-and-dysmenorrhea.md,reproductive,condition,menstrual cramps|dysmenorrhea|period pain|prostaglandins|endometriosis|painful periods|PMS|uterine cramping
menstrual-health.md,reproductive,condition,menstrual health|heavy menstrual bleeding|irregular periods|PCOS|uterine fibroids|PMDD|cycle irregularities|abnormal bleeding
mercury-poisoning.md,neurological,exposure,mercury poisoning|mercury toxicity|methylmercury|heavy metal toxicity|dental amalgam|fish mercury|chelation|mercury exposure
metabolic-syndrome.md,endocrine|cardiovascular,condition,metabolic syndrome|insulin resistance|syndrome X|prediabetes|central obesity|dyslipidemia|cardiometabolic risk|visceral fat
microwaves-and-your-health.md,whole-body,evaluation,microwave oven|EMF exposure|non-ionizing radiation|BPA|food safety|microwave radiation|plastic containers|electromagnetic fields
migraines-triggers-root-causes.md,neurological,condition,migraine|migraines|CGRP|aura|chronic migraine|cortical spreading depression|migraine triggers|trigeminal nerve
mold-sensitivity-testing-guide.md,immune|respiratory,evaluation,mold sensitivity|CIRS|chronic inflammatory response syndrome|mycotoxins|HLA-DR|biotoxin illness|black mold|mold testing
more-than-just-snoring-sleep-apnea.md,respiratory|sleep|cardiovascular,condition,sleep apnea|OSA|obstructive sleep apnea|snoring|CPAP|apnea-hypopnea index|central sleep apnea|AHI
multiple-chemical-sensitivity.md,whole-body,condition,MCS|multiple chemical sensitivity|chemical intolerance|TILT|idiopathic environmental intolerance|chemical sensitivity|environmental illness
muscular-dystrophy.md,musculoskeletal|neurological,condition,muscular dystrophy|Duchenne muscular dystrophy|DMD|Becker muscular dystrophy|myotonic dystrophy|limb-girdle muscular dystrophy|FSHD|muscle weakness
myopia-the-eyes-have-it.md,sensory,condition,myopia|nearsightedness|shortsightedness|high myopia|retinal detachment|axial myopia|myopia in children|refractive error
narcolepsy-guide.md,neurological|sleep,condition,narcolepsy|cataplexy|hypocretin|orexin|excessive daytime sleepiness|hypnagogic hallucinations|sleep paralysis
navigating-carbohydrates.md,endocrine|digestive,nutrition,carbohydrates|low-carb diet|high-carb diet|ketogenic diet|glycemic index|glycemic load|keto|fiber
ovarian-cysts-evidence-based-approaches.md,reproductive|endocrine,condition,ovarian cysts|PCOS|polycystic ovary syndrome|functional cyst|corpus luteum cyst|dermoid cyst|ovarian torsion|endometrioma
ozone-therapy.md,whole-body,evaluation,ozone therapy|autohemotherapy|medical ozone|O3 therapy|rectal insufflation|EBOO|10-pass ozone|ozone injection
probiotics-gut-health.md,digestive|immune|mental-health,nutrition,probiotics|gut microbiome|Lactobacillus|Bifidobacterium|fermented foods|Saccharomyces boulardii|gut-brain axis|dysbiosis
prostate-health.md,reproductive|urinary,condition,prostate|BPH|benign prostatic hyperplasia|prostatitis|prostate cancer|LUTS|enlarged prostate|PSA
pyroluria-pyrrole-disorder.md,mental-health|endocrine,evaluation,pyroluria|pyrrole disorder|kryptopyroluria|KPU|HPU|mauve factor|zinc deficiency|vitamin B6
quiet-powerhouse-liver.md,liver-detox,condition,liver disease|fatty liver|NAFLD|MASLD|NASH|MASH|cirrhosis|hepatitis
reclaiming-your-sleep-insomnia.md,sleep|mental-health,condition,insomnia|CBT-I|sleep hygiene|chronic insomnia|trouble sleeping|sleep onset difficulty|acute insomnia
restless-leg-syndrome.md,neurological|sleep,condition,RLS|restless legs syndrome|Willis-Ekbom disease|periodic limb movement disorder|PLMD|leg cramps at night|iron deficiency
rewriting-blood-sugar-story-diabetes.md,endocrine,condition,type 2 diabetes|blood sugar|insulin resistance|diabetes remission|HbA1c|DiRECT trial|low-carb diabetes diet
ringworm-tinea-corporis.md,skin,condition,ringworm|tinea corporis|dermatophyte|athlete's foot|jock itch|tinea|fungal skin infection
rooted-in-wisdom-herbal-medicine.md,whole-body,remedy,herbal medicine|phytotherapy|botanical medicine|herbs|tinctures|natural remedies|plant medicine
roots-of-depression.md,mental-health|endocrine,condition,depression|major depressive disorder|MDD|low mood|clinical depression|SMILES trial|Mediterranean diet depression
rosacea.md,skin|digestive,condition,rosacea|facial redness|flushing|telangiectasia|rhinophyma|ocular rosacea|Demodex mites
schizophrenia.md,mental-health|neurological,condition,schizophrenia|psychosis|hallucinations|delusions|antipsychotics|positive symptoms|negative symptoms
sciatica.md,musculoskeletal|neurological,condition,sciatica|sciatic nerve pain|radiculopathy|piriformis syndrome|herniated disc|leg pain|cauda equina syndrome
shingles-herpes-zoster.md,skin|immune|neurological,condition,shingles|herpes zoster|varicella-zoster virus|VZV|postherpetic neuralgia|chickenpox virus|shingles rash
sibo.md,digestive,condition,SIBO|small intestinal bacterial overgrowth|bloating|IMO|methane overgrowth|hydrogen breath test|migrating motor complex
sickle-cell-disease.md,blood-lymph|musculoskeletal,condition,sickle cell disease|SCD|sickle cell trait|hemoglobin S|HbSS|vaso-occlusive crisis|acute chest syndrome|hydroxyurea
sinus-congestion-infection.md,respiratory,condition,sinusitis|sinus infection|sinus congestion|rhinosinusitis|nasal congestion|neti pot|chronic rhinosinusitis
sleep-paralysis.md,sleep|neurological,condition,sleep paralysis|REM atonia|hypnagogic|hypnopompic|old hag syndrome|night paralysis|waking paralysis
slipped-disc-herniation.md,musculoskeletal|neurological,condition,herniated disc|slipped disc|disc bulge|disc protrusion|sciatica|cauda equina syndrome|degenerative disc disease
smart-choices-about-antibiotics.md,immune|digestive,condition,antibiotics|antibiotic resistance|MRSA|C. diff|Clostridioides difficile|antibiotic overuse|bacterial infection
sound-of-health-noise-pollution.md,cardiovascular|sensory|sleep,exposure,noise pollution|hearing loss|tinnitus|traffic noise|noise-induced hearing loss|decibels|occupational noise
soy-adventist-history-and-modern-evidence.md,reproductive|endocrine,nutrition,soy|soy milk|tofu|isoflavones|Adventist Health Study|phytoestrogens|prostate cancer soy|breast cancer soy
soy-phytoestrogens-research.md,reproductive|endocrine,nutrition,soy|phytoestrogens|isoflavones|tofu|soy protein|estrogen receptors|soy and breast cancer|soy and thyroid
spider-veins.md,cardiovascular|skin,condition,spider veins|telangiectasia|varicose veins|chronic venous insufficiency|CVI|reticular veins|venous reflux
sugar-cravings-physiological-effects.md,endocrine|mental-health,nutrition,sugar cravings|added sugar|sugar addiction|blood sugar crash|dopamine reward|sweet cravings|sugar withdrawal
sugar-cravings-work-with-your-biology.md,endocrine|mental-health,nutrition,sugar cravings|added sugar|blood glucose dip|sugar addiction|fatty liver sugar|berberine|cinnamon blood sugar
sweet-and-complicated-sugar.md,endocrine|liver-detox|mental-health,nutrition,sugar|added sugar|fructose|glycation|AGEs|bliss point|de novo lipogenesis|blood sugar roller coaster
systemic-lupus-erythematosus.md,immune|musculoskeletal|skin,condition,SLE|lupus|autoimmune disease|butterfly rash|lupus nephritis|discoid lupus|hydroxychloroquine|lupus flare
ten-foundations-for-lifelong-vitality.md,whole-body,foundations,wellness guide|healthy lifestyle|chronic disease prevention|longevity|health foundations|vitality|wellness pillars
the-air-you-breathe-air-quality.md,respiratory|cardiovascular,exposure,air pollution|PM2.5|indoor air quality|AQI|air purifiers|HEPA filters|ventilation|air quality index
the-great-oil-debate.md,cardiovascular,nutrition,cooking oils|olive oil|extra virgin olive oil|oil-free diet|Mediterranean diet|seed oils|canola oil|endothelial function
thyroid-health.md,endocrine,condition,hypothyroidism|hyperthyroidism|Hashimoto's thyroiditis|Graves' disease|TSH|thyroid nodules|underactive thyroid|overactive thyroid|goiter
tinnitus.md,sensory|neurological,condition,ringing in ears|ear ringing|buzzing in ears|hearing loss|hyperacusis|sound therapy|tinnitus retraining therapy
understanding-caffeine.md,sleep|cardiovascular|mental-health,nutrition,coffee|energy drinks|caffeine withdrawal|caffeine dependence|caffeine use disorder|stimulant|caffeine sensitivity
understanding-hives.md,skin|immune,condition,urticaria|chronic urticaria|welts|angioedema|histamine intolerance|mast cell activation syndrome|MCAS|wheals
understanding-leukemia.md,blood-lymph,condition,blood cancer|ALL|AML|CLL|CML|bone marrow cancer|chemotherapy|CAR-T therapy
understanding-msg.md,neurological|digestive,nutrition,monosodium glutamate|umami|Chinese Restaurant Syndrome|glutamate|food additive|MSG sensitivity|excitotoxicity|flavor enhancer
understanding-neuropathy.md,neurological,condition,peripheral neuropathy|nerve damage|diabetic neuropathy|nerve pain|numbness and tingling|small fiber neuropathy|chemotherapy-induced peripheral neuropathy|CIPN
understanding-oxalates.md,urinary|digestive,evaluation,oxalate dumping|kidney stones|calcium oxalate|hyperoxaluria|oxalate sensitivity|low oxalate diet|vulvodynia|spinach oxalate
understanding-vaccinations.md,immune,remedy,vaccines|immunization|MMR|vaccine safety|herd immunity|vaccine schedule|anti-vax|vaccine hesitancy|VAERS
understanding-weight-loss.md,whole-body,condition,obesity|metabolism|weight regain|GLP-1|semaglutide|Ozempic|diet|weight management|set point
uninvited-guests-parasites-and-gut-health.md,digestive,condition,parasites|Giardia|worms|helminths|pinworm|parasite cleanse|intestinal parasites|Toxoplasma
urinary-health-and-utis.md,urinary,condition,UTI|urinary tract infection|bladder infection|cystitis|kidney infection|recurrent UTI|interstitial cystitis|D-mannose
vitiligo.md,skin|immune,condition,vitiligo|skin depigmentation|white patches|melanocytes|autoimmune skin|Koebner phenomenon|ruxolitinib|Opzelura
water-fluoridation-guide.md,neurological|endocrine|musculoskeletal,exposure,fluoride|water fluoridation|dental fluorosis|fluoride safety|tooth decay prevention|fluoride IQ|thyroid fluoride
weight-loss.md,whole-body,condition,obesity|biopsychosocial model|leptin|ghrelin|weight cycling|weight stigma|emotional eating|GLP-1 medications
what-your-gut-is-telling-you.md,digestive,condition,constipation|diarrhea|Bristol stool scale|IBS|bowel movements|laxatives|fiber|bowel habits
when-hair-falls.md,skin,condition,hair loss|alopecia|female pattern hair loss|telogen effluvium|alopecia areata|traction alopecia|thinning hair|scalp health
when-your-blood-pressure-runs-low-hypotension.md,cardiovascular,condition,low blood pressure|orthostatic hypotension|POTS|dizziness on standing|fainting|syncope|postural tachycardia|dysautonomia
when-your-body-runs-too-hot-hyperthyroidism.md,endocrine,condition,hyperthyroidism|Graves disease|overactive thyroid|thyroid storm|racing heart|TSH|antithyroid medication|radioactive iodine
when-your-body-wont-reset-hpa-axis.md,endocrine,evaluation,adrenal fatigue|HPA axis dysregulation|cortisol|burnout|chronic stress|adaptogens|ashwagandha|cortisol awakening response
when-your-feet-feel-like-theyre-on-fire.md,neurological,condition,burning feet syndrome|peripheral neuropathy|Grierson-Gopalan syndrome|small fiber neuropathy|diabetic neuropathy|B6 toxicity|nerve pain|tingling feet
whole-person-troubled-mind.md,mental-health,condition,depression|bipolar disorder|schizophrenia|mental illness|mood disorder|psychosis|antidepressants|St Johns Wort
whole-truth-about-cheese.md,digestive|cardiovascular,nutrition,cheese|dairy|lactose intolerance|tyramine|Listeria|raw milk cheese|casomorphins|saturated fat
working-with-your-joints-arthritis.md,musculoskeletal,condition,arthritis|osteoarthritis|rheumatoid arthritis|joint pain|gout|nightshades|joint stiffness|cartilage
your-bones-osteoporosis.md,musculoskeletal,condition,osteoporosis|osteopenia|bone density|DEXA scan|bone loss|calcium|fracture risk|T-score
your-gut-your-health-digestive-wellness.md,digestive,condition,gut health|microbiome|digestive wellness|probiotics|leaky gut|gut-brain axis|fiber|fermented foods
your-hands-are-talking-carpal-tunnel.md,neurological|musculoskeletal,condition,carpal tunnel syndrome|CTS|median nerve compression|wrist pain|hand numbness|Tinel's sign|Phalen's test|vitamin B6
your-heart-your-future-cardiovascular-health.md,cardiovascular,condition,heart disease|cardiovascular health|heart attack|stroke prevention|cholesterol|coronary artery disease|atherosclerosis|blood pressure
your-liver-your-ally-hepatitis.md,liver-detox,condition,hepatitis|liver disease|hepatitis B|hepatitis C|jaundice|liver inflammation|milk thistle|antivirals
your-skin-inside-and-out.md,skin,condition,skin health|acne|eczema|psoriasis|rosacea|skincare|skin aging|gut-skin axis
